{
	"version": 1,
	"changelists": [
		{
			"guid": "00000000000000000000000000000000",
			"description": "Default Uncontrolled Changelist",
			"files": [
				"C:/Users/jupar/Desktop/CS 415/MP1/InfiniteMatrixStarterProject/InfiniteMatrixStarter/Content/InfiniteMatrix/Blueprints/BP_Player.uasset",
				"C:/Users/jupar/Desktop/CS 415/MP1/InfiniteMatrixStarterProject/InfiniteMatrixStarter/Content/InfiniteMatrix/Blueprints/BP_TunnelSpawner.uasset",
				"C:/Users/jupar/Desktop/CS 415/MP1/InfiniteMatrixStarterProject/InfiniteMatrixStarter/Content/InfiniteMatrix/Maps/TutorialMap.umap",
				"C:/Users/jupar/Desktop/CS 415/MP1/InfiniteMatrixStarterProject/InfiniteMatrixStarter/Content/InfiniteMatrix/Blueprints/BP_Tunnel.uasset",
				"C:/Users/jupar/Desktop/CS 415/MP1/InfiniteMatrixStarterProject/InfiniteMatrixStarter/Content/InfiniteMatrix/UI/WBP_Restart.uasset",
				"C:/Users/jupar/Desktop/CS 415/MP1/InfiniteMatrixStarterProject/InfiniteMatrixStarter/Content/InfiniteMatrix/Blueprints/Score.uasset",
				"C:/Users/jupar/Desktop/CS 415/MP1/InfiniteMatrixStarterProject/InfiniteMatrixStarter/Content/InfiniteMatrix/Blueprints/Projectile.uasset",
				"C:/Users/jupar/Desktop/CS 415/MP1/InfiniteMatrixStarterProject/InfiniteMatrixStarter/Content/InfiniteMatrix/Meshes/Healthpack.uasset",
				"C:/Users/jupar/Desktop/CS 415/MP1/InfiniteMatrixStarterProject/InfiniteMatrixStarter/Content/InfiniteMatrix/Blueprints/HealthPack.uasset",
				"C:/Users/jupar/Desktop/CS 415/MP1/InfiniteMatrixStarterProject/InfiniteMatrixStarter/Content/InfiniteMatrix/Blueprints/Enemy.uasset",
				"C:/Users/jupar/Desktop/CS 415/MP1/InfiniteMatrixStarterProject/InfiniteMatrixStarter/Content/InfiniteMatrix/Blueprints/WP_HealthBar.uasset",
				"C:/Users/jupar/Desktop/CS 415/MP1/InfiniteMatrixStarterProject/InfiniteMatrixStarter/Content/InfiniteMatrix/Blueprints/HealthBarColor.uasset",
				"C:/Users/jupar/Desktop/CS 415/MP1/InfiniteMatrixStarterProject/InfiniteMatrixStarter/Content/InfiniteMatrix/Blueprints/CameraShake.uasset",
				"C:/Users/jupar/Desktop/CS 415/MP1/InfiniteMatrixStarterProject/InfiniteMatrixStarter/Content/InfiniteMatrix/Meshes/defaultMat.uasset",
				"C:/Users/jupar/Desktop/CS 415/MP1/InfiniteMatrixStarterProject/InfiniteMatrixStarter/Content/InfiniteMatrix/UI/Apple_OBJ/Apple_OBJ/Apple.uasset",
				"C:/Users/jupar/Desktop/CS 415/MP1/InfiniteMatrixStarterProject/InfiniteMatrixStarter/Content/InfiniteMatrix/UI/Apple_OBJ/Apple_OBJ/Apple_BaseColor.uasset",
				"C:/Users/jupar/Desktop/CS 415/MP1/InfiniteMatrixStarterProject/InfiniteMatrixStarter/Content/InfiniteMatrix/UI/Apple_OBJ/Apple_OBJ/Apple_Normal.uasset",
				"C:/Users/jupar/Desktop/CS 415/MP1/InfiniteMatrixStarterProject/InfiniteMatrixStarter/Content/InfiniteMatrix/UI/Apple_OBJ/Apple_OBJ/Apple_Roughtness.uasset",
				"C:/Users/jupar/Desktop/CS 415/MP1/InfiniteMatrixStarterProject/InfiniteMatrixStarter/Content/InfiniteMatrix/UI/Apple_OBJ/Apple_OBJ/BariaCG.uasset",
				"C:/Users/jupar/Desktop/CS 415/MP1/InfiniteMatrixStarterProject/InfiniteMatrixStarter/Content/InfiniteMatrix/Blueprints/BP_ColorHealth.uasset",
				"C:/Users/jupar/Desktop/CS 415/MP1/InfiniteMatrixStarterProject/InfiniteMatrixStarter/Content/InfiniteMatrix/UI/Apple_OBJ/Apple_OBJ/AppleMat.uasset",
				"C:/Users/jupar/Desktop/CS 415/MP1/InfiniteMatrixStarterProject/InfiniteMatrixStarter/Content/InfiniteMatrix/WP_HealthBar.uasset",
				"C:/Users/jupar/Desktop/CS 415/MP1/InfiniteMatrixStarterProject/InfiniteMatrixStarter/Content/InfiniteMatrix/Blueprints/Healthpack_Spawner.uasset",
				"C:/Users/jupar/Desktop/CS 415/MP1/InfiniteMatrixStarterProject/InfiniteMatrixStarter/Content/InfiniteMatrix/Blueprints/HealthPacks.uasset",
				"C:/Users/jupar/Desktop/CS 415/MP1/InfiniteMatrixStarterProject/InfiniteMatrixStarter/Content/InfiniteMatrix/Blueprints/HealthPacks_Spawner.uasset",
				"C:/Users/jupar/Desktop/CS 415/MP1/InfiniteMatrixStarterProject/InfiniteMatrixStarter/Content/InfiniteMatrix/Blueprints/TestProjectile.uasset"
			]
		}
	]
}